{
  "r2": 0.4983508728690047,
  "mse": 1288.1117130784123,
  "rmse": 35.89027323772295,
  "training_time_seconds": 315.03366327285767,
  "ram_usage_mb": 1394.890625,
  "peak_ram_mb": 1492.37890625
}